LINHA,ATOMO,SIMBOLO
1,PROGRAM,C_PROGRAM
1,EXEMPLO5,C_IDENT
1,;,C_PONTO_E_VIRGULA
2,VAR,C_VAR
3,M,C_IDENT
3,:,C_DOIS_PONTOS
3,INTEGER,C_INTEGER_TIPO
3,;,C_PONTO_E_VIRGULA
4,NOME,C_IDENT
4,:,C_DOIS_PONTOS
4,STRING,C_STRING_TIPO
4,;,C_PONTO_E_VIRGULA
6,FUNCTION,C_FUNCTION
6,F,C_IDENT
6,(,C_ABRE_PARENTESES
6,N,C_IDENT
6,:,C_DOIS_PONTOS
6,INTEGER,C_INTEGER_TIPO
6,),C_FECHA_PARENTESES
6,:,C_DOIS_PONTOS
6,INTEGER,C_INTEGER_TIPO
6,;,C_PONTO_E_VIRGULA
7,BEGIN,C_BEGIN
8,IF,C_IF
8,N,C_IDENT
8,>,C_MAIOR
8,123A,C_ERRO_NUMERO_COM_LETRA
8,THEN,C_THEN
9,WRITELN,C_WRITELN
9,(,C_ABRE_PARENTESES
9,'erro proposital acima',C_STRING
9,),C_FECHA_PARENTESES
10,ELSE,C_ELSE
11,F,C_IDENT
11,:=,C_ATRIBUICAO
11,N,C_IDENT
11,*,C_MULTIPLICACAO
11,2,C_INTEGER
11,;,C_PONTO_E_VIRGULA
12,END,C_END
12,;,C_PONTO_E_VIRGULA
14,BEGIN,C_BEGIN
15,M,C_IDENT
15,:=,C_ATRIBUICAO
15,10,C_INTEGER
15,;,C_PONTO_E_VIRGULA
16,WRITELN,C_WRITELN
16,(,C_ABRE_PARENTESES
16,'Resultado: ',C_STRING
16,",",C_VIRGULA
16,F,C_IDENT
16,(,C_ABRE_PARENTESES
16,M,C_IDENT
16,),C_FECHA_PARENTESES
16,),C_FECHA_PARENTESES
16,;,C_PONTO_E_VIRGULA
17,END,C_END
17,.,C_PONTO
